max_depth;n_estimators;score;variables
20;155;0.929464895260861;Price,January,February,March,April,May,June,July,August,September,October,November,December,accommodates,bathrooms,bedrooms,beds,cleaning_fee,guests_included,extra_people,Apartment,Bed_Breakfast,Boat,Bungalow,Cabin,Camper_RV,Chalet,Condominium,Dorm,House,Loft,Other,Townhouse,Yurt,98101,98102,98103,98104,98105,98106,98107,98108,98109,98112,98115,98116,98117,98118,98119,98121,98122,98125,98126,98133,98134,98136,98144,98146,98177,98178,98199,Entire_Home_apt,Private_room,Shared_room
20;165;0.9289023492159891;Price,January,February,March,April,May,June,July,August,September,October,November,December,accommodates,bathrooms,bedrooms,beds,cleaning_fee,guests_included,extra_people,Apartment,Bed_Breakfast,Boat,Bungalow,Cabin,Camper_RV,Chalet,Condominium,Dorm,House,Loft,Other,Townhouse,Yurt,98101,98102,98103,98104,98105,98106,98107,98108,98109,98112,98115,98116,98117,98118,98119,98121,98122,98125,98126,98133,98134,98136,98144,98146,98177,98178,98199,Entire_Home_apt,Private_room,Shared_room
20;175;0.9306011748868681;Price,January,February,March,April,May,June,July,August,September,October,November,December,accommodates,bathrooms,bedrooms,beds,cleaning_fee,guests_included,extra_people,Apartment,Bed_Breakfast,Boat,Bungalow,Cabin,Camper_RV,Chalet,Condominium,Dorm,House,Loft,Other,Townhouse,Yurt,98101,98102,98103,98104,98105,98106,98107,98108,98109,98112,98115,98116,98117,98118,98119,98121,98122,98125,98126,98133,98134,98136,98144,98146,98177,98178,98199,Entire_Home_apt,Private_room,Shared_room
20;185;0.9293523281953757;Price,January,February,March,April,May,June,July,August,September,October,November,December,accommodates,bathrooms,bedrooms,beds,cleaning_fee,guests_included,extra_people,Apartment,Bed_Breakfast,Boat,Bungalow,Cabin,Camper_RV,Chalet,Condominium,Dorm,House,Loft,Other,Townhouse,Yurt,98101,98102,98103,98104,98105,98106,98107,98108,98109,98112,98115,98116,98117,98118,98119,98121,98122,98125,98126,98133,98134,98136,98144,98146,98177,98178,98199,Entire_Home_apt,Private_room,Shared_room
23;155;0.9316515047382099;Price,January,February,March,April,May,June,July,August,September,October,November,December,accommodates,bathrooms,bedrooms,beds,cleaning_fee,guests_included,extra_people,Apartment,Bed_Breakfast,Boat,Bungalow,Cabin,Camper_RV,Chalet,Condominium,Dorm,House,Loft,Other,Townhouse,Yurt,98101,98102,98103,98104,98105,98106,98107,98108,98109,98112,98115,98116,98117,98118,98119,98121,98122,98125,98126,98133,98134,98136,98144,98146,98177,98178,98199,Entire_Home_apt,Private_room,Shared_room
23;165;0.9326146891851449;Price,January,February,March,April,May,June,July,August,September,October,November,December,accommodates,bathrooms,bedrooms,beds,cleaning_fee,guests_included,extra_people,Apartment,Bed_Breakfast,Boat,Bungalow,Cabin,Camper_RV,Chalet,Condominium,Dorm,House,Loft,Other,Townhouse,Yurt,98101,98102,98103,98104,98105,98106,98107,98108,98109,98112,98115,98116,98117,98118,98119,98121,98122,98125,98126,98133,98134,98136,98144,98146,98177,98178,98199,Entire_Home_apt,Private_room,Shared_room
23;175;0.9313328932786201;Price,January,February,March,April,May,June,July,August,September,October,November,December,accommodates,bathrooms,bedrooms,beds,cleaning_fee,guests_included,extra_people,Apartment,Bed_Breakfast,Boat,Bungalow,Cabin,Camper_RV,Chalet,Condominium,Dorm,House,Loft,Other,Townhouse,Yurt,98101,98102,98103,98104,98105,98106,98107,98108,98109,98112,98115,98116,98117,98118,98119,98121,98122,98125,98126,98133,98134,98136,98144,98146,98177,98178,98199,Entire_Home_apt,Private_room,Shared_room
23;185;0.9311485290852626;Price,January,February,March,April,May,June,July,August,September,October,November,December,accommodates,bathrooms,bedrooms,beds,cleaning_fee,guests_included,extra_people,Apartment,Bed_Breakfast,Boat,Bungalow,Cabin,Camper_RV,Chalet,Condominium,Dorm,House,Loft,Other,Townhouse,Yurt,98101,98102,98103,98104,98105,98106,98107,98108,98109,98112,98115,98116,98117,98118,98119,98121,98122,98125,98126,98133,98134,98136,98144,98146,98177,98178,98199,Entire_Home_apt,Private_room,Shared_room
26;155;0.9322683011734377;Price,January,February,March,April,May,June,July,August,September,October,November,December,accommodates,bathrooms,bedrooms,beds,cleaning_fee,guests_included,extra_people,Apartment,Bed_Breakfast,Boat,Bungalow,Cabin,Camper_RV,Chalet,Condominium,Dorm,House,Loft,Other,Townhouse,Yurt,98101,98102,98103,98104,98105,98106,98107,98108,98109,98112,98115,98116,98117,98118,98119,98121,98122,98125,98126,98133,98134,98136,98144,98146,98177,98178,98199,Entire_Home_apt,Private_room,Shared_room
26;165;0.9319013219694479;Price,January,February,March,April,May,June,July,August,September,October,November,December,accommodates,bathrooms,bedrooms,beds,cleaning_fee,guests_included,extra_people,Apartment,Bed_Breakfast,Boat,Bungalow,Cabin,Camper_RV,Chalet,Condominium,Dorm,House,Loft,Other,Townhouse,Yurt,98101,98102,98103,98104,98105,98106,98107,98108,98109,98112,98115,98116,98117,98118,98119,98121,98122,98125,98126,98133,98134,98136,98144,98146,98177,98178,98199,Entire_Home_apt,Private_room,Shared_room
26;175;0.9320901501171254;Price,January,February,March,April,May,June,July,August,September,October,November,December,accommodates,bathrooms,bedrooms,beds,cleaning_fee,guests_included,extra_people,Apartment,Bed_Breakfast,Boat,Bungalow,Cabin,Camper_RV,Chalet,Condominium,Dorm,House,Loft,Other,Townhouse,Yurt,98101,98102,98103,98104,98105,98106,98107,98108,98109,98112,98115,98116,98117,98118,98119,98121,98122,98125,98126,98133,98134,98136,98144,98146,98177,98178,98199,Entire_Home_apt,Private_room,Shared_room
26;185;0.9331079818589365;Price,January,February,March,April,May,June,July,August,September,October,November,December,accommodates,bathrooms,bedrooms,beds,cleaning_fee,guests_included,extra_people,Apartment,Bed_Breakfast,Boat,Bungalow,Cabin,Camper_RV,Chalet,Condominium,Dorm,House,Loft,Other,Townhouse,Yurt,98101,98102,98103,98104,98105,98106,98107,98108,98109,98112,98115,98116,98117,98118,98119,98121,98122,98125,98126,98133,98134,98136,98144,98146,98177,98178,98199,Entire_Home_apt,Private_room,Shared_room
29;155;0.9331561566627706;Price,January,February,March,April,May,June,July,August,September,October,November,December,accommodates,bathrooms,bedrooms,beds,cleaning_fee,guests_included,extra_people,Apartment,Bed_Breakfast,Boat,Bungalow,Cabin,Camper_RV,Chalet,Condominium,Dorm,House,Loft,Other,Townhouse,Yurt,98101,98102,98103,98104,98105,98106,98107,98108,98109,98112,98115,98116,98117,98118,98119,98121,98122,98125,98126,98133,98134,98136,98144,98146,98177,98178,98199,Entire_Home_apt,Private_room,Shared_room
29;165;0.9324640479705137;Price,January,February,March,April,May,June,July,August,September,October,November,December,accommodates,bathrooms,bedrooms,beds,cleaning_fee,guests_included,extra_people,Apartment,Bed_Breakfast,Boat,Bungalow,Cabin,Camper_RV,Chalet,Condominium,Dorm,House,Loft,Other,Townhouse,Yurt,98101,98102,98103,98104,98105,98106,98107,98108,98109,98112,98115,98116,98117,98118,98119,98121,98122,98125,98126,98133,98134,98136,98144,98146,98177,98178,98199,Entire_Home_apt,Private_room,Shared_room
29;175;0.9321112088396044;Price,January,February,March,April,May,June,July,August,September,October,November,December,accommodates,bathrooms,bedrooms,beds,cleaning_fee,guests_included,extra_people,Apartment,Bed_Breakfast,Boat,Bungalow,Cabin,Camper_RV,Chalet,Condominium,Dorm,House,Loft,Other,Townhouse,Yurt,98101,98102,98103,98104,98105,98106,98107,98108,98109,98112,98115,98116,98117,98118,98119,98121,98122,98125,98126,98133,98134,98136,98144,98146,98177,98178,98199,Entire_Home_apt,Private_room,Shared_room
29;185;0.9316259093631599;Price,January,February,March,April,May,June,July,August,September,October,November,December,accommodates,bathrooms,bedrooms,beds,cleaning_fee,guests_included,extra_people,Apartment,Bed_Breakfast,Boat,Bungalow,Cabin,Camper_RV,Chalet,Condominium,Dorm,House,Loft,Other,Townhouse,Yurt,98101,98102,98103,98104,98105,98106,98107,98108,98109,98112,98115,98116,98117,98118,98119,98121,98122,98125,98126,98133,98134,98136,98144,98146,98177,98178,98199,Entire_Home_apt,Private_room,Shared_room
32;155;0.9315557846402845;Price,January,February,March,April,May,June,July,August,September,October,November,December,accommodates,bathrooms,bedrooms,beds,cleaning_fee,guests_included,extra_people,Apartment,Bed_Breakfast,Boat,Bungalow,Cabin,Camper_RV,Chalet,Condominium,Dorm,House,Loft,Other,Townhouse,Yurt,98101,98102,98103,98104,98105,98106,98107,98108,98109,98112,98115,98116,98117,98118,98119,98121,98122,98125,98126,98133,98134,98136,98144,98146,98177,98178,98199,Entire_Home_apt,Private_room,Shared_room
32;165;0.9315964355536251;Price,January,February,March,April,May,June,July,August,September,October,November,December,accommodates,bathrooms,bedrooms,beds,cleaning_fee,guests_included,extra_people,Apartment,Bed_Breakfast,Boat,Bungalow,Cabin,Camper_RV,Chalet,Condominium,Dorm,House,Loft,Other,Townhouse,Yurt,98101,98102,98103,98104,98105,98106,98107,98108,98109,98112,98115,98116,98117,98118,98119,98121,98122,98125,98126,98133,98134,98136,98144,98146,98177,98178,98199,Entire_Home_apt,Private_room,Shared_room
32;175;0.9325313328851821;Price,January,February,March,April,May,June,July,August,September,October,November,December,accommodates,bathrooms,bedrooms,beds,cleaning_fee,guests_included,extra_people,Apartment,Bed_Breakfast,Boat,Bungalow,Cabin,Camper_RV,Chalet,Condominium,Dorm,House,Loft,Other,Townhouse,Yurt,98101,98102,98103,98104,98105,98106,98107,98108,98109,98112,98115,98116,98117,98118,98119,98121,98122,98125,98126,98133,98134,98136,98144,98146,98177,98178,98199,Entire_Home_apt,Private_room,Shared_room
32;185;0.9320024287601014;Price,January,February,March,April,May,June,July,August,September,October,November,December,accommodates,bathrooms,bedrooms,beds,cleaning_fee,guests_included,extra_people,Apartment,Bed_Breakfast,Boat,Bungalow,Cabin,Camper_RV,Chalet,Condominium,Dorm,House,Loft,Other,Townhouse,Yurt,98101,98102,98103,98104,98105,98106,98107,98108,98109,98112,98115,98116,98117,98118,98119,98121,98122,98125,98126,98133,98134,98136,98144,98146,98177,98178,98199,Entire_Home_apt,Private_room,Shared_room
20;155;0.9016041486813245;Price,January,February,March,April,May,June,July,August,September,October,November,December,accommodates,bathrooms,bedrooms,beds,cleaning_fee,guests_included,extra_people,Apartment,Bed_Breakfast,Boat,Bungalow,Cabin,Camper_RV,Chalet,Condominium,Dorm,House,Loft,Other,Townhouse,Yurt,98101,98102,98103,98104,98105,98106,98107,98108,98109,98112,98115,98116,98117,98118,98119,98121,98122,98125,98126,98133,98134,98136,98144,98146,98177,98178,98199,Entire_Home_apt,Private_room,Shared_room
20;165;0.8997493474706718;Price,January,February,March,April,May,June,July,August,September,October,November,December,accommodates,bathrooms,bedrooms,beds,cleaning_fee,guests_included,extra_people,Apartment,Bed_Breakfast,Boat,Bungalow,Cabin,Camper_RV,Chalet,Condominium,Dorm,House,Loft,Other,Townhouse,Yurt,98101,98102,98103,98104,98105,98106,98107,98108,98109,98112,98115,98116,98117,98118,98119,98121,98122,98125,98126,98133,98134,98136,98144,98146,98177,98178,98199,Entire_Home_apt,Private_room,Shared_room
20;175;0.8987417394250984;Price,January,February,March,April,May,June,July,August,September,October,November,December,accommodates,bathrooms,bedrooms,beds,cleaning_fee,guests_included,extra_people,Apartment,Bed_Breakfast,Boat,Bungalow,Cabin,Camper_RV,Chalet,Condominium,Dorm,House,Loft,Other,Townhouse,Yurt,98101,98102,98103,98104,98105,98106,98107,98108,98109,98112,98115,98116,98117,98118,98119,98121,98122,98125,98126,98133,98134,98136,98144,98146,98177,98178,98199,Entire_Home_apt,Private_room,Shared_room
20;185;0.8992674595546053;Price,January,February,March,April,May,June,July,August,September,October,November,December,accommodates,bathrooms,bedrooms,beds,cleaning_fee,guests_included,extra_people,Apartment,Bed_Breakfast,Boat,Bungalow,Cabin,Camper_RV,Chalet,Condominium,Dorm,House,Loft,Other,Townhouse,Yurt,98101,98102,98103,98104,98105,98106,98107,98108,98109,98112,98115,98116,98117,98118,98119,98121,98122,98125,98126,98133,98134,98136,98144,98146,98177,98178,98199,Entire_Home_apt,Private_room,Shared_room
23;155;0.9001001508307949;Price,January,February,March,April,May,June,July,August,September,October,November,December,accommodates,bathrooms,bedrooms,beds,cleaning_fee,guests_included,extra_people,Apartment,Bed_Breakfast,Boat,Bungalow,Cabin,Camper_RV,Chalet,Condominium,Dorm,House,Loft,Other,Townhouse,Yurt,98101,98102,98103,98104,98105,98106,98107,98108,98109,98112,98115,98116,98117,98118,98119,98121,98122,98125,98126,98133,98134,98136,98144,98146,98177,98178,98199,Entire_Home_apt,Private_room,Shared_room
23;165;0.9012478579001715;Price,January,February,March,April,May,June,July,August,September,October,November,December,accommodates,bathrooms,bedrooms,beds,cleaning_fee,guests_included,extra_people,Apartment,Bed_Breakfast,Boat,Bungalow,Cabin,Camper_RV,Chalet,Condominium,Dorm,House,Loft,Other,Townhouse,Yurt,98101,98102,98103,98104,98105,98106,98107,98108,98109,98112,98115,98116,98117,98118,98119,98121,98122,98125,98126,98133,98134,98136,98144,98146,98177,98178,98199,Entire_Home_apt,Private_room,Shared_room
23;175;0.9010169275573147;Price,January,February,March,April,May,June,July,August,September,October,November,December,accommodates,bathrooms,bedrooms,beds,cleaning_fee,guests_included,extra_people,Apartment,Bed_Breakfast,Boat,Bungalow,Cabin,Camper_RV,Chalet,Condominium,Dorm,House,Loft,Other,Townhouse,Yurt,98101,98102,98103,98104,98105,98106,98107,98108,98109,98112,98115,98116,98117,98118,98119,98121,98122,98125,98126,98133,98134,98136,98144,98146,98177,98178,98199,Entire_Home_apt,Private_room,Shared_room
23;185;0.8995440769729695;Price,January,February,March,April,May,June,July,August,September,October,November,December,accommodates,bathrooms,bedrooms,beds,cleaning_fee,guests_included,extra_people,Apartment,Bed_Breakfast,Boat,Bungalow,Cabin,Camper_RV,Chalet,Condominium,Dorm,House,Loft,Other,Townhouse,Yurt,98101,98102,98103,98104,98105,98106,98107,98108,98109,98112,98115,98116,98117,98118,98119,98121,98122,98125,98126,98133,98134,98136,98144,98146,98177,98178,98199,Entire_Home_apt,Private_room,Shared_room
26;155;0.9003936503460762;Price,January,February,March,April,May,June,July,August,September,October,November,December,accommodates,bathrooms,bedrooms,beds,cleaning_fee,guests_included,extra_people,Apartment,Bed_Breakfast,Boat,Bungalow,Cabin,Camper_RV,Chalet,Condominium,Dorm,House,Loft,Other,Townhouse,Yurt,98101,98102,98103,98104,98105,98106,98107,98108,98109,98112,98115,98116,98117,98118,98119,98121,98122,98125,98126,98133,98134,98136,98144,98146,98177,98178,98199,Entire_Home_apt,Private_room,Shared_room
26;165;0.8997469086601675;Price,January,February,March,April,May,June,July,August,September,October,November,December,accommodates,bathrooms,bedrooms,beds,cleaning_fee,guests_included,extra_people,Apartment,Bed_Breakfast,Boat,Bungalow,Cabin,Camper_RV,Chalet,Condominium,Dorm,House,Loft,Other,Townhouse,Yurt,98101,98102,98103,98104,98105,98106,98107,98108,98109,98112,98115,98116,98117,98118,98119,98121,98122,98125,98126,98133,98134,98136,98144,98146,98177,98178,98199,Entire_Home_apt,Private_room,Shared_room
26;175;0.9006421265704622;Price,January,February,March,April,May,June,July,August,September,October,November,December,accommodates,bathrooms,bedrooms,beds,cleaning_fee,guests_included,extra_people,Apartment,Bed_Breakfast,Boat,Bungalow,Cabin,Camper_RV,Chalet,Condominium,Dorm,House,Loft,Other,Townhouse,Yurt,98101,98102,98103,98104,98105,98106,98107,98108,98109,98112,98115,98116,98117,98118,98119,98121,98122,98125,98126,98133,98134,98136,98144,98146,98177,98178,98199,Entire_Home_apt,Private_room,Shared_room
26;185;0.9016532933028785;Price,January,February,March,April,May,June,July,August,September,October,November,December,accommodates,bathrooms,bedrooms,beds,cleaning_fee,guests_included,extra_people,Apartment,Bed_Breakfast,Boat,Bungalow,Cabin,Camper_RV,Chalet,Condominium,Dorm,House,Loft,Other,Townhouse,Yurt,98101,98102,98103,98104,98105,98106,98107,98108,98109,98112,98115,98116,98117,98118,98119,98121,98122,98125,98126,98133,98134,98136,98144,98146,98177,98178,98199,Entire_Home_apt,Private_room,Shared_room
29;155;0.899623958437675;Price,January,February,March,April,May,June,July,August,September,October,November,December,accommodates,bathrooms,bedrooms,beds,cleaning_fee,guests_included,extra_people,Apartment,Bed_Breakfast,Boat,Bungalow,Cabin,Camper_RV,Chalet,Condominium,Dorm,House,Loft,Other,Townhouse,Yurt,98101,98102,98103,98104,98105,98106,98107,98108,98109,98112,98115,98116,98117,98118,98119,98121,98122,98125,98126,98133,98134,98136,98144,98146,98177,98178,98199,Entire_Home_apt,Private_room,Shared_room
29;165;0.9005438470904299;Price,January,February,March,April,May,June,July,August,September,October,November,December,accommodates,bathrooms,bedrooms,beds,cleaning_fee,guests_included,extra_people,Apartment,Bed_Breakfast,Boat,Bungalow,Cabin,Camper_RV,Chalet,Condominium,Dorm,House,Loft,Other,Townhouse,Yurt,98101,98102,98103,98104,98105,98106,98107,98108,98109,98112,98115,98116,98117,98118,98119,98121,98122,98125,98126,98133,98134,98136,98144,98146,98177,98178,98199,Entire_Home_apt,Private_room,Shared_room
29;175;0.9008152675770802;Price,January,February,March,April,May,June,July,August,September,October,November,December,accommodates,bathrooms,bedrooms,beds,cleaning_fee,guests_included,extra_people,Apartment,Bed_Breakfast,Boat,Bungalow,Cabin,Camper_RV,Chalet,Condominium,Dorm,House,Loft,Other,Townhouse,Yurt,98101,98102,98103,98104,98105,98106,98107,98108,98109,98112,98115,98116,98117,98118,98119,98121,98122,98125,98126,98133,98134,98136,98144,98146,98177,98178,98199,Entire_Home_apt,Private_room,Shared_room
29;185;0.9024422394535994;Price,January,February,March,April,May,June,July,August,September,October,November,December,accommodates,bathrooms,bedrooms,beds,cleaning_fee,guests_included,extra_people,Apartment,Bed_Breakfast,Boat,Bungalow,Cabin,Camper_RV,Chalet,Condominium,Dorm,House,Loft,Other,Townhouse,Yurt,98101,98102,98103,98104,98105,98106,98107,98108,98109,98112,98115,98116,98117,98118,98119,98121,98122,98125,98126,98133,98134,98136,98144,98146,98177,98178,98199,Entire_Home_apt,Private_room,Shared_room
32;155;0.9006796031984275;Price,January,February,March,April,May,June,July,August,September,October,November,December,accommodates,bathrooms,bedrooms,beds,cleaning_fee,guests_included,extra_people,Apartment,Bed_Breakfast,Boat,Bungalow,Cabin,Camper_RV,Chalet,Condominium,Dorm,House,Loft,Other,Townhouse,Yurt,98101,98102,98103,98104,98105,98106,98107,98108,98109,98112,98115,98116,98117,98118,98119,98121,98122,98125,98126,98133,98134,98136,98144,98146,98177,98178,98199,Entire_Home_apt,Private_room,Shared_room
32;165;0.9005444326731159;Price,January,February,March,April,May,June,July,August,September,October,November,December,accommodates,bathrooms,bedrooms,beds,cleaning_fee,guests_included,extra_people,Apartment,Bed_Breakfast,Boat,Bungalow,Cabin,Camper_RV,Chalet,Condominium,Dorm,House,Loft,Other,Townhouse,Yurt,98101,98102,98103,98104,98105,98106,98107,98108,98109,98112,98115,98116,98117,98118,98119,98121,98122,98125,98126,98133,98134,98136,98144,98146,98177,98178,98199,Entire_Home_apt,Private_room,Shared_room
32;175;0.9001971315941433;Price,January,February,March,April,May,June,July,August,September,October,November,December,accommodates,bathrooms,bedrooms,beds,cleaning_fee,guests_included,extra_people,Apartment,Bed_Breakfast,Boat,Bungalow,Cabin,Camper_RV,Chalet,Condominium,Dorm,House,Loft,Other,Townhouse,Yurt,98101,98102,98103,98104,98105,98106,98107,98108,98109,98112,98115,98116,98117,98118,98119,98121,98122,98125,98126,98133,98134,98136,98144,98146,98177,98178,98199,Entire_Home_apt,Private_room,Shared_room
32;185;0.902684347132493;Price,January,February,March,April,May,June,July,August,September,October,November,December,accommodates,bathrooms,bedrooms,beds,cleaning_fee,guests_included,extra_people,Apartment,Bed_Breakfast,Boat,Bungalow,Cabin,Camper_RV,Chalet,Condominium,Dorm,House,Loft,Other,Townhouse,Yurt,98101,98102,98103,98104,98105,98106,98107,98108,98109,98112,98115,98116,98117,98118,98119,98121,98122,98125,98126,98133,98134,98136,98144,98146,98177,98178,98199,Entire_Home_apt,Private_room,Shared_room
20;155;0.925791520667033;Price,January,February,March,April,May,June,July,August,September,October,November,December,accommodates,bathrooms,bedrooms,beds,cleaning_fee,guests_included,extra_people,Apartment,Bed_Breakfast,Boat,Bungalow,Cabin,Camper_RV,Chalet,Condominium,Dorm,House,Loft,Other,Townhouse,Yurt,98101,98102,98103,98104,98105,98106,98107,98108,98109,98112,98115,98116,98117,98118,98119,98121,98122,98125,98126,98133,98134,98136,98144,98146,98177,98178,98199,Entire_Home_apt,Private_room,Shared_room
20;165;0.9259300942442589;Price,January,February,March,April,May,June,July,August,September,October,November,December,accommodates,bathrooms,bedrooms,beds,cleaning_fee,guests_included,extra_people,Apartment,Bed_Breakfast,Boat,Bungalow,Cabin,Camper_RV,Chalet,Condominium,Dorm,House,Loft,Other,Townhouse,Yurt,98101,98102,98103,98104,98105,98106,98107,98108,98109,98112,98115,98116,98117,98118,98119,98121,98122,98125,98126,98133,98134,98136,98144,98146,98177,98178,98199,Entire_Home_apt,Private_room,Shared_room
20;175;0.925396846573329;Price,January,February,March,April,May,June,July,August,September,October,November,December,accommodates,bathrooms,bedrooms,beds,cleaning_fee,guests_included,extra_people,Apartment,Bed_Breakfast,Boat,Bungalow,Cabin,Camper_RV,Chalet,Condominium,Dorm,House,Loft,Other,Townhouse,Yurt,98101,98102,98103,98104,98105,98106,98107,98108,98109,98112,98115,98116,98117,98118,98119,98121,98122,98125,98126,98133,98134,98136,98144,98146,98177,98178,98199,Entire_Home_apt,Private_room,Shared_room
20;185;0.9263909685738967;Price,January,February,March,April,May,June,July,August,September,October,November,December,accommodates,bathrooms,bedrooms,beds,cleaning_fee,guests_included,extra_people,Apartment,Bed_Breakfast,Boat,Bungalow,Cabin,Camper_RV,Chalet,Condominium,Dorm,House,Loft,Other,Townhouse,Yurt,98101,98102,98103,98104,98105,98106,98107,98108,98109,98112,98115,98116,98117,98118,98119,98121,98122,98125,98126,98133,98134,98136,98144,98146,98177,98178,98199,Entire_Home_apt,Private_room,Shared_room
23;155;0.9275198166262754;Price,January,February,March,April,May,June,July,August,September,October,November,December,accommodates,bathrooms,bedrooms,beds,cleaning_fee,guests_included,extra_people,Apartment,Bed_Breakfast,Boat,Bungalow,Cabin,Camper_RV,Chalet,Condominium,Dorm,House,Loft,Other,Townhouse,Yurt,98101,98102,98103,98104,98105,98106,98107,98108,98109,98112,98115,98116,98117,98118,98119,98121,98122,98125,98126,98133,98134,98136,98144,98146,98177,98178,98199,Entire_Home_apt,Private_room,Shared_room
23;165;0.9279296115519691;Price,January,February,March,April,May,June,July,August,September,October,November,December,accommodates,bathrooms,bedrooms,beds,cleaning_fee,guests_included,extra_people,Apartment,Bed_Breakfast,Boat,Bungalow,Cabin,Camper_RV,Chalet,Condominium,Dorm,House,Loft,Other,Townhouse,Yurt,98101,98102,98103,98104,98105,98106,98107,98108,98109,98112,98115,98116,98117,98118,98119,98121,98122,98125,98126,98133,98134,98136,98144,98146,98177,98178,98199,Entire_Home_apt,Private_room,Shared_room
23;175;0.9275188015347944;Price,January,February,March,April,May,June,July,August,September,October,November,December,accommodates,bathrooms,bedrooms,beds,cleaning_fee,guests_included,extra_people,Apartment,Bed_Breakfast,Boat,Bungalow,Cabin,Camper_RV,Chalet,Condominium,Dorm,House,Loft,Other,Townhouse,Yurt,98101,98102,98103,98104,98105,98106,98107,98108,98109,98112,98115,98116,98117,98118,98119,98121,98122,98125,98126,98133,98134,98136,98144,98146,98177,98178,98199,Entire_Home_apt,Private_room,Shared_room
23;185;0.9266786813796213;Price,January,February,March,April,May,June,July,August,September,October,November,December,accommodates,bathrooms,bedrooms,beds,cleaning_fee,guests_included,extra_people,Apartment,Bed_Breakfast,Boat,Bungalow,Cabin,Camper_RV,Chalet,Condominium,Dorm,House,Loft,Other,Townhouse,Yurt,98101,98102,98103,98104,98105,98106,98107,98108,98109,98112,98115,98116,98117,98118,98119,98121,98122,98125,98126,98133,98134,98136,98144,98146,98177,98178,98199,Entire_Home_apt,Private_room,Shared_room
26;155;0.9271186557305661;Price,January,February,March,April,May,June,July,August,September,October,November,December,accommodates,bathrooms,bedrooms,beds,cleaning_fee,guests_included,extra_people,Apartment,Bed_Breakfast,Boat,Bungalow,Cabin,Camper_RV,Chalet,Condominium,Dorm,House,Loft,Other,Townhouse,Yurt,98101,98102,98103,98104,98105,98106,98107,98108,98109,98112,98115,98116,98117,98118,98119,98121,98122,98125,98126,98133,98134,98136,98144,98146,98177,98178,98199,Entire_Home_apt,Private_room,Shared_room
26;165;0.9290052546705806;Price,January,February,March,April,May,June,July,August,September,October,November,December,accommodates,bathrooms,bedrooms,beds,cleaning_fee,guests_included,extra_people,Apartment,Bed_Breakfast,Boat,Bungalow,Cabin,Camper_RV,Chalet,Condominium,Dorm,House,Loft,Other,Townhouse,Yurt,98101,98102,98103,98104,98105,98106,98107,98108,98109,98112,98115,98116,98117,98118,98119,98121,98122,98125,98126,98133,98134,98136,98144,98146,98177,98178,98199,Entire_Home_apt,Private_room,Shared_room
26;175;0.9278830354239492;Price,January,February,March,April,May,June,July,August,September,October,November,December,accommodates,bathrooms,bedrooms,beds,cleaning_fee,guests_included,extra_people,Apartment,Bed_Breakfast,Boat,Bungalow,Cabin,Camper_RV,Chalet,Condominium,Dorm,House,Loft,Other,Townhouse,Yurt,98101,98102,98103,98104,98105,98106,98107,98108,98109,98112,98115,98116,98117,98118,98119,98121,98122,98125,98126,98133,98134,98136,98144,98146,98177,98178,98199,Entire_Home_apt,Private_room,Shared_room
26;185;0.9273941435856303;Price,January,February,March,April,May,June,July,August,September,October,November,December,accommodates,bathrooms,bedrooms,beds,cleaning_fee,guests_included,extra_people,Apartment,Bed_Breakfast,Boat,Bungalow,Cabin,Camper_RV,Chalet,Condominium,Dorm,House,Loft,Other,Townhouse,Yurt,98101,98102,98103,98104,98105,98106,98107,98108,98109,98112,98115,98116,98117,98118,98119,98121,98122,98125,98126,98133,98134,98136,98144,98146,98177,98178,98199,Entire_Home_apt,Private_room,Shared_room
29;155;0.9278121667846547;Price,January,February,March,April,May,June,July,August,September,October,November,December,accommodates,bathrooms,bedrooms,beds,cleaning_fee,guests_included,extra_people,Apartment,Bed_Breakfast,Boat,Bungalow,Cabin,Camper_RV,Chalet,Condominium,Dorm,House,Loft,Other,Townhouse,Yurt,98101,98102,98103,98104,98105,98106,98107,98108,98109,98112,98115,98116,98117,98118,98119,98121,98122,98125,98126,98133,98134,98136,98144,98146,98177,98178,98199,Entire_Home_apt,Private_room,Shared_room
29;165;0.9274016386548225;Price,January,February,March,April,May,June,July,August,September,October,November,December,accommodates,bathrooms,bedrooms,beds,cleaning_fee,guests_included,extra_people,Apartment,Bed_Breakfast,Boat,Bungalow,Cabin,Camper_RV,Chalet,Condominium,Dorm,House,Loft,Other,Townhouse,Yurt,98101,98102,98103,98104,98105,98106,98107,98108,98109,98112,98115,98116,98117,98118,98119,98121,98122,98125,98126,98133,98134,98136,98144,98146,98177,98178,98199,Entire_Home_apt,Private_room,Shared_room
29;175;0.9291079821460889;Price,January,February,March,April,May,June,July,August,September,October,November,December,accommodates,bathrooms,bedrooms,beds,cleaning_fee,guests_included,extra_people,Apartment,Bed_Breakfast,Boat,Bungalow,Cabin,Camper_RV,Chalet,Condominium,Dorm,House,Loft,Other,Townhouse,Yurt,98101,98102,98103,98104,98105,98106,98107,98108,98109,98112,98115,98116,98117,98118,98119,98121,98122,98125,98126,98133,98134,98136,98144,98146,98177,98178,98199,Entire_Home_apt,Private_room,Shared_room
29;185;0.9275460772126997;Price,January,February,March,April,May,June,July,August,September,October,November,December,accommodates,bathrooms,bedrooms,beds,cleaning_fee,guests_included,extra_people,Apartment,Bed_Breakfast,Boat,Bungalow,Cabin,Camper_RV,Chalet,Condominium,Dorm,House,Loft,Other,Townhouse,Yurt,98101,98102,98103,98104,98105,98106,98107,98108,98109,98112,98115,98116,98117,98118,98119,98121,98122,98125,98126,98133,98134,98136,98144,98146,98177,98178,98199,Entire_Home_apt,Private_room,Shared_room
32;155;0.9272623168613257;Price,January,February,March,April,May,June,July,August,September,October,November,December,accommodates,bathrooms,bedrooms,beds,cleaning_fee,guests_included,extra_people,Apartment,Bed_Breakfast,Boat,Bungalow,Cabin,Camper_RV,Chalet,Condominium,Dorm,House,Loft,Other,Townhouse,Yurt,98101,98102,98103,98104,98105,98106,98107,98108,98109,98112,98115,98116,98117,98118,98119,98121,98122,98125,98126,98133,98134,98136,98144,98146,98177,98178,98199,Entire_Home_apt,Private_room,Shared_room
32;165;0.9279432319242364;Price,January,February,March,April,May,June,July,August,September,October,November,December,accommodates,bathrooms,bedrooms,beds,cleaning_fee,guests_included,extra_people,Apartment,Bed_Breakfast,Boat,Bungalow,Cabin,Camper_RV,Chalet,Condominium,Dorm,House,Loft,Other,Townhouse,Yurt,98101,98102,98103,98104,98105,98106,98107,98108,98109,98112,98115,98116,98117,98118,98119,98121,98122,98125,98126,98133,98134,98136,98144,98146,98177,98178,98199,Entire_Home_apt,Private_room,Shared_room
32;175;0.9277507710318376;Price,January,February,March,April,May,June,July,August,September,October,November,December,accommodates,bathrooms,bedrooms,beds,cleaning_fee,guests_included,extra_people,Apartment,Bed_Breakfast,Boat,Bungalow,Cabin,Camper_RV,Chalet,Condominium,Dorm,House,Loft,Other,Townhouse,Yurt,98101,98102,98103,98104,98105,98106,98107,98108,98109,98112,98115,98116,98117,98118,98119,98121,98122,98125,98126,98133,98134,98136,98144,98146,98177,98178,98199,Entire_Home_apt,Private_room,Shared_room
32;185;0.9280090459192338;Price,January,February,March,April,May,June,July,August,September,October,November,December,accommodates,bathrooms,bedrooms,beds,cleaning_fee,guests_included,extra_people,Apartment,Bed_Breakfast,Boat,Bungalow,Cabin,Camper_RV,Chalet,Condominium,Dorm,House,Loft,Other,Townhouse,Yurt,98101,98102,98103,98104,98105,98106,98107,98108,98109,98112,98115,98116,98117,98118,98119,98121,98122,98125,98126,98133,98134,98136,98144,98146,98177,98178,98199,Entire_Home_apt,Private_room,Shared_room
20;155;0.920994582005397;Price,January,February,March,April,May,June,July,August,September,October,November,December,accommodates,bathrooms,bedrooms,beds,cleaning_fee,guests_included,extra_people,Apartment,Bed_Breakfast,Boat,Bungalow,Cabin,Camper_RV,Chalet,Condominium,Dorm,House,Loft,Other,Townhouse,Yurt,98101,98102,98103,98104,98105,98106,98107,98108,98109,98112,98115,98116,98117,98118,98119,98121,98122,98125,98126,98133,98134,98136,98144,98146,98177,98178,98199,Entire_Home_apt,Private_room,Shared_room
20;165;0.92153258531344;Price,January,February,March,April,May,June,July,August,September,October,November,December,accommodates,bathrooms,bedrooms,beds,cleaning_fee,guests_included,extra_people,Apartment,Bed_Breakfast,Boat,Bungalow,Cabin,Camper_RV,Chalet,Condominium,Dorm,House,Loft,Other,Townhouse,Yurt,98101,98102,98103,98104,98105,98106,98107,98108,98109,98112,98115,98116,98117,98118,98119,98121,98122,98125,98126,98133,98134,98136,98144,98146,98177,98178,98199,Entire_Home_apt,Private_room,Shared_room
20;175;0.9207558577951866;Price,January,February,March,April,May,June,July,August,September,October,November,December,accommodates,bathrooms,bedrooms,beds,cleaning_fee,guests_included,extra_people,Apartment,Bed_Breakfast,Boat,Bungalow,Cabin,Camper_RV,Chalet,Condominium,Dorm,House,Loft,Other,Townhouse,Yurt,98101,98102,98103,98104,98105,98106,98107,98108,98109,98112,98115,98116,98117,98118,98119,98121,98122,98125,98126,98133,98134,98136,98144,98146,98177,98178,98199,Entire_Home_apt,Private_room,Shared_room
20;185;0.9213452746145909;Price,January,February,March,April,May,June,July,August,September,October,November,December,accommodates,bathrooms,bedrooms,beds,cleaning_fee,guests_included,extra_people,Apartment,Bed_Breakfast,Boat,Bungalow,Cabin,Camper_RV,Chalet,Condominium,Dorm,House,Loft,Other,Townhouse,Yurt,98101,98102,98103,98104,98105,98106,98107,98108,98109,98112,98115,98116,98117,98118,98119,98121,98122,98125,98126,98133,98134,98136,98144,98146,98177,98178,98199,Entire_Home_apt,Private_room,Shared_room
23;155;0.9227969019476214;Price,January,February,March,April,May,June,July,August,September,October,November,December,accommodates,bathrooms,bedrooms,beds,cleaning_fee,guests_included,extra_people,Apartment,Bed_Breakfast,Boat,Bungalow,Cabin,Camper_RV,Chalet,Condominium,Dorm,House,Loft,Other,Townhouse,Yurt,98101,98102,98103,98104,98105,98106,98107,98108,98109,98112,98115,98116,98117,98118,98119,98121,98122,98125,98126,98133,98134,98136,98144,98146,98177,98178,98199,Entire_Home_apt,Private_room,Shared_room
23;165;0.9220772879675915;Price,January,February,March,April,May,June,July,August,September,October,November,December,accommodates,bathrooms,bedrooms,beds,cleaning_fee,guests_included,extra_people,Apartment,Bed_Breakfast,Boat,Bungalow,Cabin,Camper_RV,Chalet,Condominium,Dorm,House,Loft,Other,Townhouse,Yurt,98101,98102,98103,98104,98105,98106,98107,98108,98109,98112,98115,98116,98117,98118,98119,98121,98122,98125,98126,98133,98134,98136,98144,98146,98177,98178,98199,Entire_Home_apt,Private_room,Shared_room
23;175;0.9234720703533114;Price,January,February,March,April,May,June,July,August,September,October,November,December,accommodates,bathrooms,bedrooms,beds,cleaning_fee,guests_included,extra_people,Apartment,Bed_Breakfast,Boat,Bungalow,Cabin,Camper_RV,Chalet,Condominium,Dorm,House,Loft,Other,Townhouse,Yurt,98101,98102,98103,98104,98105,98106,98107,98108,98109,98112,98115,98116,98117,98118,98119,98121,98122,98125,98126,98133,98134,98136,98144,98146,98177,98178,98199,Entire_Home_apt,Private_room,Shared_room
23;185;0.922240342865364;Price,January,February,March,April,May,June,July,August,September,October,November,December,accommodates,bathrooms,bedrooms,beds,cleaning_fee,guests_included,extra_people,Apartment,Bed_Breakfast,Boat,Bungalow,Cabin,Camper_RV,Chalet,Condominium,Dorm,House,Loft,Other,Townhouse,Yurt,98101,98102,98103,98104,98105,98106,98107,98108,98109,98112,98115,98116,98117,98118,98119,98121,98122,98125,98126,98133,98134,98136,98144,98146,98177,98178,98199,Entire_Home_apt,Private_room,Shared_room
26;155;0.9227063140299193;Price,January,February,March,April,May,June,July,August,September,October,November,December,accommodates,bathrooms,bedrooms,beds,cleaning_fee,guests_included,extra_people,Apartment,Bed_Breakfast,Boat,Bungalow,Cabin,Camper_RV,Chalet,Condominium,Dorm,House,Loft,Other,Townhouse,Yurt,98101,98102,98103,98104,98105,98106,98107,98108,98109,98112,98115,98116,98117,98118,98119,98121,98122,98125,98126,98133,98134,98136,98144,98146,98177,98178,98199,Entire_Home_apt,Private_room,Shared_room
26;165;0.9218950040649314;Price,January,February,March,April,May,June,July,August,September,October,November,December,accommodates,bathrooms,bedrooms,beds,cleaning_fee,guests_included,extra_people,Apartment,Bed_Breakfast,Boat,Bungalow,Cabin,Camper_RV,Chalet,Condominium,Dorm,House,Loft,Other,Townhouse,Yurt,98101,98102,98103,98104,98105,98106,98107,98108,98109,98112,98115,98116,98117,98118,98119,98121,98122,98125,98126,98133,98134,98136,98144,98146,98177,98178,98199,Entire_Home_apt,Private_room,Shared_room
26;175;0.9238328908016545;Price,January,February,March,April,May,June,July,August,September,October,November,December,accommodates,bathrooms,bedrooms,beds,cleaning_fee,guests_included,extra_people,Apartment,Bed_Breakfast,Boat,Bungalow,Cabin,Camper_RV,Chalet,Condominium,Dorm,House,Loft,Other,Townhouse,Yurt,98101,98102,98103,98104,98105,98106,98107,98108,98109,98112,98115,98116,98117,98118,98119,98121,98122,98125,98126,98133,98134,98136,98144,98146,98177,98178,98199,Entire_Home_apt,Private_room,Shared_room
26;185;0.9227869486503179;Price,January,February,March,April,May,June,July,August,September,October,November,December,accommodates,bathrooms,bedrooms,beds,cleaning_fee,guests_included,extra_people,Apartment,Bed_Breakfast,Boat,Bungalow,Cabin,Camper_RV,Chalet,Condominium,Dorm,House,Loft,Other,Townhouse,Yurt,98101,98102,98103,98104,98105,98106,98107,98108,98109,98112,98115,98116,98117,98118,98119,98121,98122,98125,98126,98133,98134,98136,98144,98146,98177,98178,98199,Entire_Home_apt,Private_room,Shared_room
29;155;0.9243338272014794;Price,January,February,March,April,May,June,July,August,September,October,November,December,accommodates,bathrooms,bedrooms,beds,cleaning_fee,guests_included,extra_people,Apartment,Bed_Breakfast,Boat,Bungalow,Cabin,Camper_RV,Chalet,Condominium,Dorm,House,Loft,Other,Townhouse,Yurt,98101,98102,98103,98104,98105,98106,98107,98108,98109,98112,98115,98116,98117,98118,98119,98121,98122,98125,98126,98133,98134,98136,98144,98146,98177,98178,98199,Entire_Home_apt,Private_room,Shared_room
29;165;0.9233788141376928;Price,January,February,March,April,May,June,July,August,September,October,November,December,accommodates,bathrooms,bedrooms,beds,cleaning_fee,guests_included,extra_people,Apartment,Bed_Breakfast,Boat,Bungalow,Cabin,Camper_RV,Chalet,Condominium,Dorm,House,Loft,Other,Townhouse,Yurt,98101,98102,98103,98104,98105,98106,98107,98108,98109,98112,98115,98116,98117,98118,98119,98121,98122,98125,98126,98133,98134,98136,98144,98146,98177,98178,98199,Entire_Home_apt,Private_room,Shared_room
29;175;0.922296480607295;Price,January,February,March,April,May,June,July,August,September,October,November,December,accommodates,bathrooms,bedrooms,beds,cleaning_fee,guests_included,extra_people,Apartment,Bed_Breakfast,Boat,Bungalow,Cabin,Camper_RV,Chalet,Condominium,Dorm,House,Loft,Other,Townhouse,Yurt,98101,98102,98103,98104,98105,98106,98107,98108,98109,98112,98115,98116,98117,98118,98119,98121,98122,98125,98126,98133,98134,98136,98144,98146,98177,98178,98199,Entire_Home_apt,Private_room,Shared_room
29;185;0.9230484360630016;Price,January,February,March,April,May,June,July,August,September,October,November,December,accommodates,bathrooms,bedrooms,beds,cleaning_fee,guests_included,extra_people,Apartment,Bed_Breakfast,Boat,Bungalow,Cabin,Camper_RV,Chalet,Condominium,Dorm,House,Loft,Other,Townhouse,Yurt,98101,98102,98103,98104,98105,98106,98107,98108,98109,98112,98115,98116,98117,98118,98119,98121,98122,98125,98126,98133,98134,98136,98144,98146,98177,98178,98199,Entire_Home_apt,Private_room,Shared_room
32;155;0.9236103307656773;Price,January,February,March,April,May,June,July,August,September,October,November,December,accommodates,bathrooms,bedrooms,beds,cleaning_fee,guests_included,extra_people,Apartment,Bed_Breakfast,Boat,Bungalow,Cabin,Camper_RV,Chalet,Condominium,Dorm,House,Loft,Other,Townhouse,Yurt,98101,98102,98103,98104,98105,98106,98107,98108,98109,98112,98115,98116,98117,98118,98119,98121,98122,98125,98126,98133,98134,98136,98144,98146,98177,98178,98199,Entire_Home_apt,Private_room,Shared_room
32;165;0.9224111407242382;Price,January,February,March,April,May,June,July,August,September,October,November,December,accommodates,bathrooms,bedrooms,beds,cleaning_fee,guests_included,extra_people,Apartment,Bed_Breakfast,Boat,Bungalow,Cabin,Camper_RV,Chalet,Condominium,Dorm,House,Loft,Other,Townhouse,Yurt,98101,98102,98103,98104,98105,98106,98107,98108,98109,98112,98115,98116,98117,98118,98119,98121,98122,98125,98126,98133,98134,98136,98144,98146,98177,98178,98199,Entire_Home_apt,Private_room,Shared_room
32;175;0.922219710824719;Price,January,February,March,April,May,June,July,August,September,October,November,December,accommodates,bathrooms,bedrooms,beds,cleaning_fee,guests_included,extra_people,Apartment,Bed_Breakfast,Boat,Bungalow,Cabin,Camper_RV,Chalet,Condominium,Dorm,House,Loft,Other,Townhouse,Yurt,98101,98102,98103,98104,98105,98106,98107,98108,98109,98112,98115,98116,98117,98118,98119,98121,98122,98125,98126,98133,98134,98136,98144,98146,98177,98178,98199,Entire_Home_apt,Private_room,Shared_room
32;185;0.9228466461563518;Price,January,February,March,April,May,June,July,August,September,October,November,December,accommodates,bathrooms,bedrooms,beds,cleaning_fee,guests_included,extra_people,Apartment,Bed_Breakfast,Boat,Bungalow,Cabin,Camper_RV,Chalet,Condominium,Dorm,House,Loft,Other,Townhouse,Yurt,98101,98102,98103,98104,98105,98106,98107,98108,98109,98112,98115,98116,98117,98118,98119,98121,98122,98125,98126,98133,98134,98136,98144,98146,98177,98178,98199,Entire_Home_apt,Private_room,Shared_room
20;155;0.9290909293118919;Price,January,February,March,April,May,June,July,August,September,October,November,December,accommodates,bathrooms,bedrooms,beds,cleaning_fee,guests_included,extra_people,Apartment,Bed_Breakfast,Boat,Bungalow,Cabin,Camper_RV,Chalet,Condominium,Dorm,House,Loft,Other,Townhouse,Yurt,98101,98102,98103,98104,98105,98106,98107,98108,98109,98112,98115,98116,98117,98118,98119,98121,98122,98125,98126,98133,98134,98136,98144,98146,98177,98178,98199,Entire_Home_apt,Private_room,Shared_room
20;165;0.929254817693616;Price,January,February,March,April,May,June,July,August,September,October,November,December,accommodates,bathrooms,bedrooms,beds,cleaning_fee,guests_included,extra_people,Apartment,Bed_Breakfast,Boat,Bungalow,Cabin,Camper_RV,Chalet,Condominium,Dorm,House,Loft,Other,Townhouse,Yurt,98101,98102,98103,98104,98105,98106,98107,98108,98109,98112,98115,98116,98117,98118,98119,98121,98122,98125,98126,98133,98134,98136,98144,98146,98177,98178,98199,Entire_Home_apt,Private_room,Shared_room
20;175;0.9284637139641845;Price,January,February,March,April,May,June,July,August,September,October,November,December,accommodates,bathrooms,bedrooms,beds,cleaning_fee,guests_included,extra_people,Apartment,Bed_Breakfast,Boat,Bungalow,Cabin,Camper_RV,Chalet,Condominium,Dorm,House,Loft,Other,Townhouse,Yurt,98101,98102,98103,98104,98105,98106,98107,98108,98109,98112,98115,98116,98117,98118,98119,98121,98122,98125,98126,98133,98134,98136,98144,98146,98177,98178,98199,Entire_Home_apt,Private_room,Shared_room
20;185;0.9295434797240879;Price,January,February,March,April,May,June,July,August,September,October,November,December,accommodates,bathrooms,bedrooms,beds,cleaning_fee,guests_included,extra_people,Apartment,Bed_Breakfast,Boat,Bungalow,Cabin,Camper_RV,Chalet,Condominium,Dorm,House,Loft,Other,Townhouse,Yurt,98101,98102,98103,98104,98105,98106,98107,98108,98109,98112,98115,98116,98117,98118,98119,98121,98122,98125,98126,98133,98134,98136,98144,98146,98177,98178,98199,Entire_Home_apt,Private_room,Shared_room
23;155;0.932579792392487;Price,January,February,March,April,May,June,July,August,September,October,November,December,accommodates,bathrooms,bedrooms,beds,cleaning_fee,guests_included,extra_people,Apartment,Bed_Breakfast,Boat,Bungalow,Cabin,Camper_RV,Chalet,Condominium,Dorm,House,Loft,Other,Townhouse,Yurt,98101,98102,98103,98104,98105,98106,98107,98108,98109,98112,98115,98116,98117,98118,98119,98121,98122,98125,98126,98133,98134,98136,98144,98146,98177,98178,98199,Entire_Home_apt,Private_room,Shared_room
23;165;0.9320882287562836;Price,January,February,March,April,May,June,July,August,September,October,November,December,accommodates,bathrooms,bedrooms,beds,cleaning_fee,guests_included,extra_people,Apartment,Bed_Breakfast,Boat,Bungalow,Cabin,Camper_RV,Chalet,Condominium,Dorm,House,Loft,Other,Townhouse,Yurt,98101,98102,98103,98104,98105,98106,98107,98108,98109,98112,98115,98116,98117,98118,98119,98121,98122,98125,98126,98133,98134,98136,98144,98146,98177,98178,98199,Entire_Home_apt,Private_room,Shared_room
23;175;0.9317635827844468;Price,January,February,March,April,May,June,July,August,September,October,November,December,accommodates,bathrooms,bedrooms,beds,cleaning_fee,guests_included,extra_people,Apartment,Bed_Breakfast,Boat,Bungalow,Cabin,Camper_RV,Chalet,Condominium,Dorm,House,Loft,Other,Townhouse,Yurt,98101,98102,98103,98104,98105,98106,98107,98108,98109,98112,98115,98116,98117,98118,98119,98121,98122,98125,98126,98133,98134,98136,98144,98146,98177,98178,98199,Entire_Home_apt,Private_room,Shared_room
23;185;0.9328618362680727;Price,January,February,March,April,May,June,July,August,September,October,November,December,accommodates,bathrooms,bedrooms,beds,cleaning_fee,guests_included,extra_people,Apartment,Bed_Breakfast,Boat,Bungalow,Cabin,Camper_RV,Chalet,Condominium,Dorm,House,Loft,Other,Townhouse,Yurt,98101,98102,98103,98104,98105,98106,98107,98108,98109,98112,98115,98116,98117,98118,98119,98121,98122,98125,98126,98133,98134,98136,98144,98146,98177,98178,98199,Entire_Home_apt,Private_room,Shared_room
26;155;0.9336890810537847;Price,January,February,March,April,May,June,July,August,September,October,November,December,accommodates,bathrooms,bedrooms,beds,cleaning_fee,guests_included,extra_people,Apartment,Bed_Breakfast,Boat,Bungalow,Cabin,Camper_RV,Chalet,Condominium,Dorm,House,Loft,Other,Townhouse,Yurt,98101,98102,98103,98104,98105,98106,98107,98108,98109,98112,98115,98116,98117,98118,98119,98121,98122,98125,98126,98133,98134,98136,98144,98146,98177,98178,98199,Entire_Home_apt,Private_room,Shared_room
26;165;0.9327339756790763;Price,January,February,March,April,May,June,July,August,September,October,November,December,accommodates,bathrooms,bedrooms,beds,cleaning_fee,guests_included,extra_people,Apartment,Bed_Breakfast,Boat,Bungalow,Cabin,Camper_RV,Chalet,Condominium,Dorm,House,Loft,Other,Townhouse,Yurt,98101,98102,98103,98104,98105,98106,98107,98108,98109,98112,98115,98116,98117,98118,98119,98121,98122,98125,98126,98133,98134,98136,98144,98146,98177,98178,98199,Entire_Home_apt,Private_room,Shared_room
26;175;0.9329957419229763;Price,January,February,March,April,May,June,July,August,September,October,November,December,accommodates,bathrooms,bedrooms,beds,cleaning_fee,guests_included,extra_people,Apartment,Bed_Breakfast,Boat,Bungalow,Cabin,Camper_RV,Chalet,Condominium,Dorm,House,Loft,Other,Townhouse,Yurt,98101,98102,98103,98104,98105,98106,98107,98108,98109,98112,98115,98116,98117,98118,98119,98121,98122,98125,98126,98133,98134,98136,98144,98146,98177,98178,98199,Entire_Home_apt,Private_room,Shared_room
26;185;0.9331923398324935;Price,January,February,March,April,May,June,July,August,September,October,November,December,accommodates,bathrooms,bedrooms,beds,cleaning_fee,guests_included,extra_people,Apartment,Bed_Breakfast,Boat,Bungalow,Cabin,Camper_RV,Chalet,Condominium,Dorm,House,Loft,Other,Townhouse,Yurt,98101,98102,98103,98104,98105,98106,98107,98108,98109,98112,98115,98116,98117,98118,98119,98121,98122,98125,98126,98133,98134,98136,98144,98146,98177,98178,98199,Entire_Home_apt,Private_room,Shared_room
29;155;0.9313459029882981;Price,January,February,March,April,May,June,July,August,September,October,November,December,accommodates,bathrooms,bedrooms,beds,cleaning_fee,guests_included,extra_people,Apartment,Bed_Breakfast,Boat,Bungalow,Cabin,Camper_RV,Chalet,Condominium,Dorm,House,Loft,Other,Townhouse,Yurt,98101,98102,98103,98104,98105,98106,98107,98108,98109,98112,98115,98116,98117,98118,98119,98121,98122,98125,98126,98133,98134,98136,98144,98146,98177,98178,98199,Entire_Home_apt,Private_room,Shared_room
29;165;0.9336430070537088;Price,January,February,March,April,May,June,July,August,September,October,November,December,accommodates,bathrooms,bedrooms,beds,cleaning_fee,guests_included,extra_people,Apartment,Bed_Breakfast,Boat,Bungalow,Cabin,Camper_RV,Chalet,Condominium,Dorm,House,Loft,Other,Townhouse,Yurt,98101,98102,98103,98104,98105,98106,98107,98108,98109,98112,98115,98116,98117,98118,98119,98121,98122,98125,98126,98133,98134,98136,98144,98146,98177,98178,98199,Entire_Home_apt,Private_room,Shared_room
29;175;0.933595467576135;Price,January,February,March,April,May,June,July,August,September,October,November,December,accommodates,bathrooms,bedrooms,beds,cleaning_fee,guests_included,extra_people,Apartment,Bed_Breakfast,Boat,Bungalow,Cabin,Camper_RV,Chalet,Condominium,Dorm,House,Loft,Other,Townhouse,Yurt,98101,98102,98103,98104,98105,98106,98107,98108,98109,98112,98115,98116,98117,98118,98119,98121,98122,98125,98126,98133,98134,98136,98144,98146,98177,98178,98199,Entire_Home_apt,Private_room,Shared_room
29;185;0.9334593586258498;Price,January,February,March,April,May,June,July,August,September,October,November,December,accommodates,bathrooms,bedrooms,beds,cleaning_fee,guests_included,extra_people,Apartment,Bed_Breakfast,Boat,Bungalow,Cabin,Camper_RV,Chalet,Condominium,Dorm,House,Loft,Other,Townhouse,Yurt,98101,98102,98103,98104,98105,98106,98107,98108,98109,98112,98115,98116,98117,98118,98119,98121,98122,98125,98126,98133,98134,98136,98144,98146,98177,98178,98199,Entire_Home_apt,Private_room,Shared_room
32;155;0.9331473930788131;Price,January,February,March,April,May,June,July,August,September,October,November,December,accommodates,bathrooms,bedrooms,beds,cleaning_fee,guests_included,extra_people,Apartment,Bed_Breakfast,Boat,Bungalow,Cabin,Camper_RV,Chalet,Condominium,Dorm,House,Loft,Other,Townhouse,Yurt,98101,98102,98103,98104,98105,98106,98107,98108,98109,98112,98115,98116,98117,98118,98119,98121,98122,98125,98126,98133,98134,98136,98144,98146,98177,98178,98199,Entire_Home_apt,Private_room,Shared_room
32;165;0.9329064512246078;Price,January,February,March,April,May,June,July,August,September,October,November,December,accommodates,bathrooms,bedrooms,beds,cleaning_fee,guests_included,extra_people,Apartment,Bed_Breakfast,Boat,Bungalow,Cabin,Camper_RV,Chalet,Condominium,Dorm,House,Loft,Other,Townhouse,Yurt,98101,98102,98103,98104,98105,98106,98107,98108,98109,98112,98115,98116,98117,98118,98119,98121,98122,98125,98126,98133,98134,98136,98144,98146,98177,98178,98199,Entire_Home_apt,Private_room,Shared_room
32;175;0.9325959444675967;Price,January,February,March,April,May,June,July,August,September,October,November,December,accommodates,bathrooms,bedrooms,beds,cleaning_fee,guests_included,extra_people,Apartment,Bed_Breakfast,Boat,Bungalow,Cabin,Camper_RV,Chalet,Condominium,Dorm,House,Loft,Other,Townhouse,Yurt,98101,98102,98103,98104,98105,98106,98107,98108,98109,98112,98115,98116,98117,98118,98119,98121,98122,98125,98126,98133,98134,98136,98144,98146,98177,98178,98199,Entire_Home_apt,Private_room,Shared_room
32;185;0.9335140932381628;Price,January,February,March,April,May,June,July,August,September,October,November,December,accommodates,bathrooms,bedrooms,beds,cleaning_fee,guests_included,extra_people,Apartment,Bed_Breakfast,Boat,Bungalow,Cabin,Camper_RV,Chalet,Condominium,Dorm,House,Loft,Other,Townhouse,Yurt,98101,98102,98103,98104,98105,98106,98107,98108,98109,98112,98115,98116,98117,98118,98119,98121,98122,98125,98126,98133,98134,98136,98144,98146,98177,98178,98199,Entire_Home_apt,Private_room,Shared_room
